-- Seed media for all 8 events (37 items total)
-- User IDs reference auth-service seed users, Event IDs reference event-service seed events

-- ============================================================
-- Event 1: Rooftop Sunset Party (Brooklyn, NY) — 5 media
-- Members: Mike(creator), Sara, Jake, Olivia
-- ============================================================
INSERT INTO media (id, event_id, user_id, image_url, thumbnail_url, caption, location, type, aspect_ratio, status, like_count, comment_count, is_highlight) VALUES
  ('b3000000-0000-0000-0000-000000000001', 'e2000000-0000-0000-0000-000000000001', 'a1000000-0000-0000-0000-000000000001',
   'https://picsum.photos/seed/rooftop01/800/1200', 'https://picsum.photos/seed/rooftop01/400/600',
   'golden hour hitting different up here', 'Brooklyn, NY', 'PHOTO', 0.67, 'ACTIVE', 14, 3, true),
  ('b3000000-0000-0000-0000-000000000002', 'e2000000-0000-0000-0000-000000000001', 'a1000000-0000-0000-0000-000000000002',
   'https://picsum.photos/seed/rooftop02/800/800', 'https://picsum.photos/seed/rooftop02/400/400',
   'city skyline never gets old', 'Brooklyn, NY', 'PHOTO', 1.0, 'ACTIVE', 8, 2, false),
  ('b3000000-0000-0000-0000-000000000003', 'e2000000-0000-0000-0000-000000000001', 'a1000000-0000-0000-0000-000000000003',
   'https://picsum.photos/seed/rooftop03/1200/800', 'https://picsum.photos/seed/rooftop03/600/400',
   'whole crew showed up tonight', 'Brooklyn, NY', 'PHOTO', 1.5, 'ACTIVE', 11, 2, true),
  ('b3000000-0000-0000-0000-000000000004', 'e2000000-0000-0000-0000-000000000001', 'a1000000-0000-0000-0000-000000000006',
   'https://picsum.photos/seed/rooftop04/800/1000', 'https://picsum.photos/seed/rooftop04/400/500',
   'the vibes were immaculate', 'Brooklyn, NY', 'PHOTO', 0.8, 'ACTIVE', 6, 1, false),
  ('b3000000-0000-0000-0000-000000000005', 'e2000000-0000-0000-0000-000000000001', 'a1000000-0000-0000-0000-000000000001',
   'https://picsum.photos/seed/rooftop05/800/1200', 'https://picsum.photos/seed/rooftop05/400/600',
   'last light before the party really started', 'Brooklyn, NY', 'PHOTO', 0.67, 'ACTIVE', 5, 0, false);

-- ============================================================
-- Event 2: Sara's Birthday Bash (Manhattan, NY) — 6 media
-- Members: Sara(creator), Mike, Jake, Priya, Emma
-- ============================================================
INSERT INTO media (id, event_id, user_id, image_url, thumbnail_url, caption, location, type, aspect_ratio, status, like_count, comment_count, is_highlight) VALUES
  ('b3000000-0000-0000-0000-000000000006', 'e2000000-0000-0000-0000-000000000002', 'a1000000-0000-0000-0000-000000000002',
   'https://picsum.photos/seed/bday01/800/800', 'https://picsum.photos/seed/bday01/400/400',
   'birthday girl energy', 'Manhattan, NY', 'PHOTO', 1.0, 'ACTIVE', 18, 5, true),
  ('b3000000-0000-0000-0000-000000000007', 'e2000000-0000-0000-0000-000000000002', 'a1000000-0000-0000-0000-000000000001',
   'https://picsum.photos/seed/bday02/800/1200', 'https://picsum.photos/seed/bday02/400/600',
   'happy birthday sara!!', 'Manhattan, NY', 'PHOTO', 0.67, 'ACTIVE', 12, 3, true),
  ('b3000000-0000-0000-0000-000000000008', 'e2000000-0000-0000-0000-000000000002', 'a1000000-0000-0000-0000-000000000003',
   'https://picsum.photos/seed/bday03/1200/800', 'https://picsum.photos/seed/bday03/600/400',
   'the cake was insane', 'Manhattan, NY', 'PHOTO', 1.5, 'ACTIVE', 9, 2, false),
  ('b3000000-0000-0000-0000-000000000009', 'e2000000-0000-0000-0000-000000000002', 'a1000000-0000-0000-0000-000000000004',
   'https://picsum.photos/seed/bday04/800/1000', 'https://picsum.photos/seed/bday04/400/500',
   'squad goals fr', 'Manhattan, NY', 'PHOTO', 0.8, 'ACTIVE', 7, 1, false),
  ('b3000000-0000-0000-0000-000000000010', 'e2000000-0000-0000-0000-000000000002', 'a1000000-0000-0000-0000-000000000008',
   'https://picsum.photos/seed/bday05/800/800', 'https://picsum.photos/seed/bday05/400/400',
   'dance floor was packed', 'Manhattan, NY', 'PHOTO', 1.0, 'ACTIVE', 4, 0, false),
  ('b3000000-0000-0000-0000-000000000011', 'e2000000-0000-0000-0000-000000000002', 'a1000000-0000-0000-0000-000000000002',
   'https://picsum.photos/seed/bday06/800/1200', 'https://picsum.photos/seed/bday06/400/600',
   'best night ever thank you all', 'Manhattan, NY', 'PHOTO', 0.67, 'ACTIVE', 15, 4, true);

-- ============================================================
-- Event 3: Spring Music Festival (Austin, TX) — 4 media
-- Members: Jake(creator), Alex, Liam, Mike
-- ============================================================
INSERT INTO media (id, event_id, user_id, image_url, thumbnail_url, caption, location, type, aspect_ratio, status, like_count, comment_count, is_highlight) VALUES
  ('b3000000-0000-0000-0000-000000000012', 'e2000000-0000-0000-0000-000000000003', 'a1000000-0000-0000-0000-000000000003',
   'https://picsum.photos/seed/festival01/800/1200', 'https://picsum.photos/seed/festival01/400/600',
   'main stage was unreal', 'Austin, TX', 'PHOTO', 0.67, 'ACTIVE', 13, 3, true),
  ('b3000000-0000-0000-0000-000000000013', 'e2000000-0000-0000-0000-000000000003', 'a1000000-0000-0000-0000-000000000005',
   'https://picsum.photos/seed/festival02/1200/800', 'https://picsum.photos/seed/festival02/600/400',
   'crowd surfing at its finest', 'Austin, TX', 'PHOTO', 1.5, 'ACTIVE', 10, 2, true),
  ('b3000000-0000-0000-0000-000000000014', 'e2000000-0000-0000-0000-000000000003', 'a1000000-0000-0000-0000-000000000009',
   'https://picsum.photos/seed/festival03/800/800', 'https://picsum.photos/seed/festival03/400/400',
   'food truck alley was a vibe', 'Austin, TX', 'PHOTO', 1.0, 'ACTIVE', 6, 1, false),
  ('b3000000-0000-0000-0000-000000000015', 'e2000000-0000-0000-0000-000000000003', 'a1000000-0000-0000-0000-000000000001',
   'https://picsum.photos/seed/festival04/800/1000', 'https://picsum.photos/seed/festival04/400/500',
   'night set under the stars', 'Austin, TX', 'PHOTO', 0.8, 'ACTIVE', 8, 1, false);

-- ============================================================
-- Event 4: Weekend Food Crawl (Los Angeles, CA) — 5 media
-- Members: Priya(creator), Sara, Emma, Zara
-- ============================================================
INSERT INTO media (id, event_id, user_id, image_url, thumbnail_url, caption, location, type, aspect_ratio, status, like_count, comment_count, is_highlight) VALUES
  ('b3000000-0000-0000-0000-000000000016', 'e2000000-0000-0000-0000-000000000004', 'a1000000-0000-0000-0000-000000000004',
   'https://picsum.photos/seed/food01/800/800', 'https://picsum.photos/seed/food01/400/400',
   'first stop: the best ramen in LA', 'Little Tokyo, LA', 'PHOTO', 1.0, 'ACTIVE', 11, 2, true),
  ('b3000000-0000-0000-0000-000000000017', 'e2000000-0000-0000-0000-000000000004', 'a1000000-0000-0000-0000-000000000002',
   'https://picsum.photos/seed/food02/800/1200', 'https://picsum.photos/seed/food02/400/600',
   'taco truck find of the century', 'East LA', 'PHOTO', 0.67, 'ACTIVE', 9, 2, false),
  ('b3000000-0000-0000-0000-000000000018', 'e2000000-0000-0000-0000-000000000004', 'a1000000-0000-0000-0000-000000000008',
   'https://picsum.photos/seed/food03/1200/800', 'https://picsum.photos/seed/food03/600/400',
   'dessert round. we could not stop.', 'Koreatown, LA', 'PHOTO', 1.5, 'ACTIVE', 7, 1, false),
  ('b3000000-0000-0000-0000-000000000019', 'e2000000-0000-0000-0000-000000000004', 'a1000000-0000-0000-0000-000000000010',
   'https://picsum.photos/seed/food04/800/1000', 'https://picsum.photos/seed/food04/400/500',
   'street art between stops', 'Arts District, LA', 'PHOTO', 0.8, 'ACTIVE', 5, 0, false),
  ('b3000000-0000-0000-0000-000000000020', 'e2000000-0000-0000-0000-000000000004', 'a1000000-0000-0000-0000-000000000004',
   'https://picsum.photos/seed/food05/800/800', 'https://picsum.photos/seed/food05/400/400',
   'food coma group photo', 'Los Angeles, CA', 'PHOTO', 1.0, 'ACTIVE', 13, 3, true);

-- ============================================================
-- Event 5: Skatepark Session (Venice Beach, CA) — 4 media
-- Members: Alex(creator), Jake, Liam
-- ============================================================
INSERT INTO media (id, event_id, user_id, image_url, thumbnail_url, caption, location, type, aspect_ratio, status, like_count, comment_count, is_highlight) VALUES
  ('b3000000-0000-0000-0000-000000000021', 'e2000000-0000-0000-0000-000000000005', 'a1000000-0000-0000-0000-000000000005',
   'https://picsum.photos/seed/skate01/800/1200', 'https://picsum.photos/seed/skate01/400/600',
   'kickflip over the hip', 'Venice Skatepark', 'PHOTO', 0.67, 'ACTIVE', 16, 4, true),
  ('b3000000-0000-0000-0000-000000000022', 'e2000000-0000-0000-0000-000000000005', 'a1000000-0000-0000-0000-000000000003',
   'https://picsum.photos/seed/skate02/1200/800', 'https://picsum.photos/seed/skate02/600/400',
   'liam sending it off the bowl', 'Venice Skatepark', 'PHOTO', 1.5, 'ACTIVE', 10, 2, true),
  ('b3000000-0000-0000-0000-000000000023', 'e2000000-0000-0000-0000-000000000005', 'a1000000-0000-0000-0000-000000000009',
   'https://picsum.photos/seed/skate03/800/800', 'https://picsum.photos/seed/skate03/400/400',
   'boardslide on the rail', 'Venice Beach, CA', 'PHOTO', 1.0, 'ACTIVE', 7, 1, false),
  ('b3000000-0000-0000-0000-000000000024', 'e2000000-0000-0000-0000-000000000005', 'a1000000-0000-0000-0000-000000000005',
   'https://picsum.photos/seed/skate04/800/1000', 'https://picsum.photos/seed/skate04/400/500',
   'sunset session with the boys', 'Venice Beach, CA', 'PHOTO', 0.8, 'ACTIVE', 5, 0, false);

-- ============================================================
-- Event 6: Gallery Opening Night (Chelsea, NY) — 5 media
-- Members: Olivia(creator), Sara, Zara, Mike
-- ============================================================
INSERT INTO media (id, event_id, user_id, image_url, thumbnail_url, caption, location, type, aspect_ratio, status, like_count, comment_count, is_highlight) VALUES
  ('b3000000-0000-0000-0000-000000000025', 'e2000000-0000-0000-0000-000000000006', 'a1000000-0000-0000-0000-000000000006',
   'https://picsum.photos/seed/gallery01/800/1200', 'https://picsum.photos/seed/gallery01/400/600',
   'opening night. so proud of this show.', 'Chelsea, NY', 'PHOTO', 0.67, 'ACTIVE', 17, 5, true),
  ('b3000000-0000-0000-0000-000000000026', 'e2000000-0000-0000-0000-000000000006', 'a1000000-0000-0000-0000-000000000002',
   'https://picsum.photos/seed/gallery02/800/800', 'https://picsum.photos/seed/gallery02/400/400',
   'this piece stopped me in my tracks', 'Chelsea, NY', 'PHOTO', 1.0, 'ACTIVE', 8, 2, false),
  ('b3000000-0000-0000-0000-000000000027', 'e2000000-0000-0000-0000-000000000006', 'a1000000-0000-0000-0000-000000000010',
   'https://picsum.photos/seed/gallery03/1200/800', 'https://picsum.photos/seed/gallery03/600/400',
   'zara found her muse', 'Chelsea, NY', 'PHOTO', 1.5, 'ACTIVE', 11, 2, true),
  ('b3000000-0000-0000-0000-000000000028', 'e2000000-0000-0000-0000-000000000006', 'a1000000-0000-0000-0000-000000000001',
   'https://picsum.photos/seed/gallery04/800/1000', 'https://picsum.photos/seed/gallery04/400/500',
   'the lighting in here though', 'Chelsea, NY', 'PHOTO', 0.8, 'ACTIVE', 6, 1, false),
  ('b3000000-0000-0000-0000-000000000029', 'e2000000-0000-0000-0000-000000000006', 'a1000000-0000-0000-0000-000000000006',
   'https://picsum.photos/seed/gallery05/800/800', 'https://picsum.photos/seed/gallery05/400/400',
   'thank you everyone who came out', 'Chelsea, NY', 'PHOTO', 1.0, 'ACTIVE', 9, 1, false);

-- ============================================================
-- Event 7: Mountain Trail Hike (Mt. Rainier, WA) — 4 media
-- Members: Noah(creator), Liam, Zara, Alex
-- ============================================================
INSERT INTO media (id, event_id, user_id, image_url, thumbnail_url, caption, location, type, aspect_ratio, status, like_count, comment_count, is_highlight) VALUES
  ('b3000000-0000-0000-0000-000000000030', 'e2000000-0000-0000-0000-000000000007', 'a1000000-0000-0000-0000-000000000007',
   'https://picsum.photos/seed/hike01/800/1200', 'https://picsum.photos/seed/hike01/400/600',
   'summit views. worth every step.', 'Mt. Rainier, WA', 'PHOTO', 0.67, 'ACTIVE', 15, 4, true),
  ('b3000000-0000-0000-0000-000000000031', 'e2000000-0000-0000-0000-000000000007', 'a1000000-0000-0000-0000-000000000009',
   'https://picsum.photos/seed/hike02/1200/800', 'https://picsum.photos/seed/hike02/600/400',
   'wildflowers everywhere on the trail', 'Mt. Rainier, WA', 'PHOTO', 1.5, 'ACTIVE', 10, 2, true),
  ('b3000000-0000-0000-0000-000000000032', 'e2000000-0000-0000-0000-000000000007', 'a1000000-0000-0000-0000-000000000010',
   'https://picsum.photos/seed/hike03/800/800', 'https://picsum.photos/seed/hike03/400/400',
   'painting this view next', 'Mt. Rainier, WA', 'PHOTO', 1.0, 'ACTIVE', 8, 1, false),
  ('b3000000-0000-0000-0000-000000000033', 'e2000000-0000-0000-0000-000000000007', 'a1000000-0000-0000-0000-000000000005',
   'https://picsum.photos/seed/hike04/800/1000', 'https://picsum.photos/seed/hike04/400/500',
   'exhausted but happy at the top', 'Mt. Rainier, WA', 'PHOTO', 0.8, 'ACTIVE', 6, 0, false);

-- ============================================================
-- Event 8: Graduation Celebration (Stanford, CA) — 4 media
-- Members: Emma(creator), Priya, Sara, Noah
-- ============================================================
INSERT INTO media (id, event_id, user_id, image_url, thumbnail_url, caption, location, type, aspect_ratio, status, like_count, comment_count, is_highlight) VALUES
  ('b3000000-0000-0000-0000-000000000034', 'e2000000-0000-0000-0000-000000000008', 'a1000000-0000-0000-0000-000000000008',
   'https://picsum.photos/seed/grad01/800/1200', 'https://picsum.photos/seed/grad01/400/600',
   'we did it!! officially a master of science', 'Stanford, CA', 'PHOTO', 0.67, 'ACTIVE', 20, 6, true),
  ('b3000000-0000-0000-0000-000000000035', 'e2000000-0000-0000-0000-000000000008', 'a1000000-0000-0000-0000-000000000004',
   'https://picsum.photos/seed/grad02/800/800', 'https://picsum.photos/seed/grad02/400/400',
   'so proud of you emma!', 'Stanford, CA', 'PHOTO', 1.0, 'ACTIVE', 12, 3, true),
  ('b3000000-0000-0000-0000-000000000036', 'e2000000-0000-0000-0000-000000000008', 'a1000000-0000-0000-0000-000000000002',
   'https://picsum.photos/seed/grad03/1200/800', 'https://picsum.photos/seed/grad03/600/400',
   'cap toss moment', 'Stanford, CA', 'PHOTO', 1.5, 'ACTIVE', 9, 2, false),
  ('b3000000-0000-0000-0000-000000000037', 'e2000000-0000-0000-0000-000000000008', 'a1000000-0000-0000-0000-000000000007',
   'https://picsum.photos/seed/grad04/800/1000', 'https://picsum.photos/seed/grad04/400/500',
   'the campus looked beautiful today', 'Stanford, CA', 'PHOTO', 0.8, 'ACTIVE', 7, 1, false);

-- ============================================================
-- LIKES (~55 across media)
-- ============================================================

-- Event 1: Rooftop Sunset
INSERT INTO media_likes (media_id, user_id) VALUES
  ('b3000000-0000-0000-0000-000000000001', 'a1000000-0000-0000-0000-000000000002'),
  ('b3000000-0000-0000-0000-000000000001', 'a1000000-0000-0000-0000-000000000003'),
  ('b3000000-0000-0000-0000-000000000001', 'a1000000-0000-0000-0000-000000000006'),
  ('b3000000-0000-0000-0000-000000000001', 'a1000000-0000-0000-0000-000000000004'),
  ('b3000000-0000-0000-0000-000000000002', 'a1000000-0000-0000-0000-000000000001'),
  ('b3000000-0000-0000-0000-000000000002', 'a1000000-0000-0000-0000-000000000003'),
  ('b3000000-0000-0000-0000-000000000003', 'a1000000-0000-0000-0000-000000000001'),
  ('b3000000-0000-0000-0000-000000000003', 'a1000000-0000-0000-0000-000000000002'),
  ('b3000000-0000-0000-0000-000000000003', 'a1000000-0000-0000-0000-000000000006'),
  ('b3000000-0000-0000-0000-000000000004', 'a1000000-0000-0000-0000-000000000001'),
  ('b3000000-0000-0000-0000-000000000004', 'a1000000-0000-0000-0000-000000000002');

-- Event 2: Sara's Birthday
INSERT INTO media_likes (media_id, user_id) VALUES
  ('b3000000-0000-0000-0000-000000000006', 'a1000000-0000-0000-0000-000000000001'),
  ('b3000000-0000-0000-0000-000000000006', 'a1000000-0000-0000-0000-000000000003'),
  ('b3000000-0000-0000-0000-000000000006', 'a1000000-0000-0000-0000-000000000004'),
  ('b3000000-0000-0000-0000-000000000006', 'a1000000-0000-0000-0000-000000000008'),
  ('b3000000-0000-0000-0000-000000000006', 'a1000000-0000-0000-0000-000000000006'),
  ('b3000000-0000-0000-0000-000000000007', 'a1000000-0000-0000-0000-000000000002'),
  ('b3000000-0000-0000-0000-000000000007', 'a1000000-0000-0000-0000-000000000003'),
  ('b3000000-0000-0000-0000-000000000007', 'a1000000-0000-0000-0000-000000000004'),
  ('b3000000-0000-0000-0000-000000000008', 'a1000000-0000-0000-0000-000000000001'),
  ('b3000000-0000-0000-0000-000000000008', 'a1000000-0000-0000-0000-000000000002'),
  ('b3000000-0000-0000-0000-000000000011', 'a1000000-0000-0000-0000-000000000001'),
  ('b3000000-0000-0000-0000-000000000011', 'a1000000-0000-0000-0000-000000000003'),
  ('b3000000-0000-0000-0000-000000000011', 'a1000000-0000-0000-0000-000000000004'),
  ('b3000000-0000-0000-0000-000000000011', 'a1000000-0000-0000-0000-000000000008');

-- Event 3: Music Festival
INSERT INTO media_likes (media_id, user_id) VALUES
  ('b3000000-0000-0000-0000-000000000012', 'a1000000-0000-0000-0000-000000000005'),
  ('b3000000-0000-0000-0000-000000000012', 'a1000000-0000-0000-0000-000000000001'),
  ('b3000000-0000-0000-0000-000000000012', 'a1000000-0000-0000-0000-000000000009'),
  ('b3000000-0000-0000-0000-000000000013', 'a1000000-0000-0000-0000-000000000003'),
  ('b3000000-0000-0000-0000-000000000013', 'a1000000-0000-0000-0000-000000000001'),
  ('b3000000-0000-0000-0000-000000000013', 'a1000000-0000-0000-0000-000000000009');

-- Event 5: Skatepark
INSERT INTO media_likes (media_id, user_id) VALUES
  ('b3000000-0000-0000-0000-000000000021', 'a1000000-0000-0000-0000-000000000003'),
  ('b3000000-0000-0000-0000-000000000021', 'a1000000-0000-0000-0000-000000000009'),
  ('b3000000-0000-0000-0000-000000000021', 'a1000000-0000-0000-0000-000000000001'),
  ('b3000000-0000-0000-0000-000000000021', 'a1000000-0000-0000-0000-000000000002'),
  ('b3000000-0000-0000-0000-000000000022', 'a1000000-0000-0000-0000-000000000005'),
  ('b3000000-0000-0000-0000-000000000022', 'a1000000-0000-0000-0000-000000000003');

-- Event 6: Gallery Opening
INSERT INTO media_likes (media_id, user_id) VALUES
  ('b3000000-0000-0000-0000-000000000025', 'a1000000-0000-0000-0000-000000000002'),
  ('b3000000-0000-0000-0000-000000000025', 'a1000000-0000-0000-0000-000000000010'),
  ('b3000000-0000-0000-0000-000000000025', 'a1000000-0000-0000-0000-000000000001'),
  ('b3000000-0000-0000-0000-000000000025', 'a1000000-0000-0000-0000-000000000004'),
  ('b3000000-0000-0000-0000-000000000027', 'a1000000-0000-0000-0000-000000000006'),
  ('b3000000-0000-0000-0000-000000000027', 'a1000000-0000-0000-0000-000000000002'),
  ('b3000000-0000-0000-0000-000000000027', 'a1000000-0000-0000-0000-000000000001');

-- Event 7: Mountain Hike
INSERT INTO media_likes (media_id, user_id) VALUES
  ('b3000000-0000-0000-0000-000000000030', 'a1000000-0000-0000-0000-000000000009'),
  ('b3000000-0000-0000-0000-000000000030', 'a1000000-0000-0000-0000-000000000010'),
  ('b3000000-0000-0000-0000-000000000030', 'a1000000-0000-0000-0000-000000000005'),
  ('b3000000-0000-0000-0000-000000000030', 'a1000000-0000-0000-0000-000000000001'),
  ('b3000000-0000-0000-0000-000000000031', 'a1000000-0000-0000-0000-000000000007'),
  ('b3000000-0000-0000-0000-000000000031', 'a1000000-0000-0000-0000-000000000010'),
  ('b3000000-0000-0000-0000-000000000031', 'a1000000-0000-0000-0000-000000000005');

-- Event 8: Graduation
INSERT INTO media_likes (media_id, user_id) VALUES
  ('b3000000-0000-0000-0000-000000000034', 'a1000000-0000-0000-0000-000000000004'),
  ('b3000000-0000-0000-0000-000000000034', 'a1000000-0000-0000-0000-000000000002'),
  ('b3000000-0000-0000-0000-000000000034', 'a1000000-0000-0000-0000-000000000007'),
  ('b3000000-0000-0000-0000-000000000034', 'a1000000-0000-0000-0000-000000000001'),
  ('b3000000-0000-0000-0000-000000000034', 'a1000000-0000-0000-0000-000000000003'),
  ('b3000000-0000-0000-0000-000000000035', 'a1000000-0000-0000-0000-000000000008'),
  ('b3000000-0000-0000-0000-000000000035', 'a1000000-0000-0000-0000-000000000002'),
  ('b3000000-0000-0000-0000-000000000035', 'a1000000-0000-0000-0000-000000000007');

-- ============================================================
-- COMMENTS (~25 across media)
-- ============================================================
INSERT INTO comments (media_id, user_id, text) VALUES
  -- Rooftop Sunset
  ('b3000000-0000-0000-0000-000000000001', 'a1000000-0000-0000-0000-000000000002', 'this is gorgeous mike!'),
  ('b3000000-0000-0000-0000-000000000001', 'a1000000-0000-0000-0000-000000000003', 'what camera are you shooting on?'),
  ('b3000000-0000-0000-0000-000000000001', 'a1000000-0000-0000-0000-000000000006', 'need to come back here'),
  ('b3000000-0000-0000-0000-000000000002', 'a1000000-0000-0000-0000-000000000001', 'love this angle'),
  ('b3000000-0000-0000-0000-000000000002', 'a1000000-0000-0000-0000-000000000006', 'the skyline was perfect'),
  ('b3000000-0000-0000-0000-000000000003', 'a1000000-0000-0000-0000-000000000002', 'best crew ever'),
  ('b3000000-0000-0000-0000-000000000003', 'a1000000-0000-0000-0000-000000000001', 'legendary night'),
  ('b3000000-0000-0000-0000-000000000004', 'a1000000-0000-0000-0000-000000000003', 'immaculate indeed'),
  -- Sara's Birthday
  ('b3000000-0000-0000-0000-000000000006', 'a1000000-0000-0000-0000-000000000001', 'happy birthday sara!!'),
  ('b3000000-0000-0000-0000-000000000006', 'a1000000-0000-0000-0000-000000000003', 'queen energy'),
  ('b3000000-0000-0000-0000-000000000006', 'a1000000-0000-0000-0000-000000000008', 'the best night'),
  ('b3000000-0000-0000-0000-000000000006', 'a1000000-0000-0000-0000-000000000004', 'you look amazing!'),
  ('b3000000-0000-0000-0000-000000000006', 'a1000000-0000-0000-0000-000000000006', 'happy bday girl!'),
  ('b3000000-0000-0000-0000-000000000007', 'a1000000-0000-0000-0000-000000000002', 'thank youuu'),
  ('b3000000-0000-0000-0000-000000000007', 'a1000000-0000-0000-0000-000000000004', 'love this'),
  ('b3000000-0000-0000-0000-000000000007', 'a1000000-0000-0000-0000-000000000008', 'so fun'),
  ('b3000000-0000-0000-0000-000000000011', 'a1000000-0000-0000-0000-000000000001', 'this was everything'),
  ('b3000000-0000-0000-0000-000000000011', 'a1000000-0000-0000-0000-000000000003', 'need a round 2'),
  ('b3000000-0000-0000-0000-000000000011', 'a1000000-0000-0000-0000-000000000008', 'we have to do this again'),
  ('b3000000-0000-0000-0000-000000000011', 'a1000000-0000-0000-0000-000000000004', 'already planning the next one'),
  -- Music Festival
  ('b3000000-0000-0000-0000-000000000012', 'a1000000-0000-0000-0000-000000000005', 'the bass was insane'),
  ('b3000000-0000-0000-0000-000000000012', 'a1000000-0000-0000-0000-000000000001', 'need to go back next year'),
  ('b3000000-0000-0000-0000-000000000012', 'a1000000-0000-0000-0000-000000000009', 'goosebumps during that set'),
  -- Skatepark
  ('b3000000-0000-0000-0000-000000000021', 'a1000000-0000-0000-0000-000000000003', 'clean kickflip bro'),
  ('b3000000-0000-0000-0000-000000000021', 'a1000000-0000-0000-0000-000000000009', 'alex is different'),
  ('b3000000-0000-0000-0000-000000000021', 'a1000000-0000-0000-0000-000000000001', 'filmed this perfectly'),
  ('b3000000-0000-0000-0000-000000000021', 'a1000000-0000-0000-0000-000000000002', 'so sick'),
  -- Gallery Opening
  ('b3000000-0000-0000-0000-000000000025', 'a1000000-0000-0000-0000-000000000002', 'so proud of you olivia!'),
  ('b3000000-0000-0000-0000-000000000025', 'a1000000-0000-0000-0000-000000000010', 'the show was incredible'),
  ('b3000000-0000-0000-0000-000000000025', 'a1000000-0000-0000-0000-000000000001', 'amazing work'),
  ('b3000000-0000-0000-0000-000000000025', 'a1000000-0000-0000-0000-000000000004', 'beautiful pieces'),
  ('b3000000-0000-0000-0000-000000000025', 'a1000000-0000-0000-0000-000000000003', 'wish I could have been there'),
  -- Mountain Hike
  ('b3000000-0000-0000-0000-000000000030', 'a1000000-0000-0000-0000-000000000009', 'the views were unreal'),
  ('b3000000-0000-0000-0000-000000000030', 'a1000000-0000-0000-0000-000000000010', 'I need to paint this'),
  ('b3000000-0000-0000-0000-000000000030', 'a1000000-0000-0000-0000-000000000005', 'adding this to my bucket list'),
  ('b3000000-0000-0000-0000-000000000030', 'a1000000-0000-0000-0000-000000000001', 'insane shot noah'),
  -- Graduation
  ('b3000000-0000-0000-0000-000000000034', 'a1000000-0000-0000-0000-000000000004', 'congrats emma!! so proud'),
  ('b3000000-0000-0000-0000-000000000034', 'a1000000-0000-0000-0000-000000000002', 'you deserve this!!'),
  ('b3000000-0000-0000-0000-000000000034', 'a1000000-0000-0000-0000-000000000007', 'well deserved!'),
  ('b3000000-0000-0000-0000-000000000034', 'a1000000-0000-0000-0000-000000000001', 'congrats!!'),
  ('b3000000-0000-0000-0000-000000000034', 'a1000000-0000-0000-0000-000000000003', 'legend'),
  ('b3000000-0000-0000-0000-000000000034', 'a1000000-0000-0000-0000-000000000006', 'so happy for you emma');

-- ============================================================
-- BOOKMARKS (~10)
-- ============================================================
INSERT INTO bookmarks (media_id, user_id) VALUES
  ('b3000000-0000-0000-0000-000000000001', 'a1000000-0000-0000-0000-000000000002'),
  ('b3000000-0000-0000-0000-000000000006', 'a1000000-0000-0000-0000-000000000001'),
  ('b3000000-0000-0000-0000-000000000012', 'a1000000-0000-0000-0000-000000000005'),
  ('b3000000-0000-0000-0000-000000000021', 'a1000000-0000-0000-0000-000000000003'),
  ('b3000000-0000-0000-0000-000000000025', 'a1000000-0000-0000-0000-000000000010'),
  ('b3000000-0000-0000-0000-000000000030', 'a1000000-0000-0000-0000-000000000001'),
  ('b3000000-0000-0000-0000-000000000034', 'a1000000-0000-0000-0000-000000000002'),
  ('b3000000-0000-0000-0000-000000000003', 'a1000000-0000-0000-0000-000000000004'),
  ('b3000000-0000-0000-0000-000000000016', 'a1000000-0000-0000-0000-000000000002'),
  ('b3000000-0000-0000-0000-000000000011', 'a1000000-0000-0000-0000-000000000003');
